dataset,reducer,n_components,classifier,accuracy_mean,bac_mean,precision_mean,recall_mean,gmean_pdf_mean,accuracy_std,bac_std,precision_std,recall_std,gmean_pdf_std,n_samples,n_features,n_classes,name
breast_cancer,ccpca,2,knn,0.7416239714330073,0.6995434493264497,0.7579127268080756,0.8655320813771518,0.8097811855129663,0.03673179088772094,0.041257916441472385,0.03193832733583075,0.032216949886398456,0.02690547816714593,569,30,2,
breast_cancer,ccpca,2,logreg,0.6274181027790716,0.5,0.6274181027790716,1.0,0.7920933572834363,0.004414757525701765,0.0,0.004414757525701765,0.0,0.0027875003421834756,569,30,2,
breast_cancer,ccpca,2,mlp,0.7785437043937277,0.7317907444668008,0.7741978609625668,0.915962441314554,0.8419635014675986,0.04707725942517605,0.05662939809597187,0.04371105788634785,0.01965237255205084,0.031337772092655175,569,30,2,
breast_cancer,ccpca,2,rf,0.7609687936655799,0.7275356921893115,0.782748870179921,0.8600547730829421,0.8201272417235321,0.03259972363281491,0.041762240171007416,0.03936435838328264,0.030654556793716828,0.02259426034383603,569,30,2,
breast_cancer,ccpca,2,svm_rbf,0.7539823008849558,0.6978171353703617,0.7482806188845579,0.9187793427230047,0.828995966536614,0.046234394560215095,0.055879676587671324,0.03980491137422913,0.024919019462293444,0.02961368084964023,569,30,2,
breast_cancer,ica,2,knn,0.9367644775655954,0.9304843271515397,0.9463438735177865,0.9553208137715181,0.9503702967531,0.02262361992337241,0.02721594190518546,0.03534986116909872,0.03844919466369373,0.01777411114940312,569,30,2,
breast_cancer,ica,2,logreg,0.9402887750349324,0.9313333489307942,0.9420090641550061,0.9664319248826292,0.9536663866098994,0.020851917998391988,0.027292272736896033,0.037936533868106845,0.036324347487198434,0.01591533898984838,569,30,2,
breast_cancer,ica,2,mlp,0.9490762303990063,0.9440444995554722,0.9571774761186527,0.9636150234741784,0.9600078264479126,0.01993173333924054,0.025052729588562726,0.034586752691082995,0.03350728268455448,0.01567722538887433,569,30,2,
breast_cancer,ica,2,rf,0.9332712311752832,0.928490061817936,0.948638316187923,0.9467918622848199,0.9472412951682214,0.019090858940985344,0.0239695590861209,0.034266209964318575,0.03874054426515456,0.015006247101668627,569,30,2,
breast_cancer,ica,2,svm_rbf,0.9332401800962584,0.9228569738846517,0.9338878520337939,0.9636541471048513,0.9482613225866954,0.030711885533326443,0.03609792095914092,0.03954042617485636,0.03749760699422788,0.02388324036751988,569,30,2,
breast_cancer,kpca,2,knn,0.9385033379909953,0.9366249824528566,0.9593214659260537,0.9440140845070422,0.9512504528939043,0.01956359674795656,0.028178414666500437,0.0403107311731975,0.025908293304126487,0.01499580673175858,569,30,2,
breast_cancer,kpca,2,logreg,0.9279770222015216,0.9215915648932352,0.9401707223774496,0.9469483568075118,0.9429872542024926,0.03298777111193896,0.030493410886259023,0.029221987117462097,0.05664343109921141,0.027621789044389732,569,30,2,
breast_cancer,kpca,2,mlp,0.9297158826269213,0.9277909056405618,0.9531621000901115,0.9357589984350547,0.9437337136141893,0.02905322753491633,0.02474652982919647,0.03006179650145039,0.057599764427777166,0.024539370096413878,569,30,2,
breast_cancer,kpca,2,rf,0.9384878124514827,0.9356329189607931,0.9567220241329346,0.94679186228482,0.9512244199823799,0.016412577200031916,0.020119647906927517,0.033501790238337846,0.04098842207733583,0.01338885395237564,569,30,2,
breast_cancer,kpca,2,svm_rbf,0.929731408166434,0.9267434711628948,0.9498438898047988,0.9385367762128325,0.9436475442375194,0.03664049527719497,0.03189431184843859,0.024738424667985925,0.06007936368591411,0.031066288352194327,569,30,2,
breast_cancer,none,2,knn,0.9630957925787922,0.9553283525442058,0.9571872146118722,0.9860719874804381,0.9714062078423131,0.01999675024369066,0.025795431810529058,0.028806554117091394,0.013889164404682039,0.015302992163610479,569,30,2,
breast_cancer,none,2,logreg,0.9736686849868033,0.9676103780304566,0.9682543479911901,0.9915884194053209,0.9796775959930779,0.018589799576866343,0.026175888153911208,0.03240364211815605,0.012575980563728799,0.013922024058981797,569,30,2,
breast_cancer,none,2,mlp,0.9718987734823784,0.9680557505238147,0.9728989263235839,0.9831768388106417,0.9779348608098056,0.02092329272406854,0.026207805083591017,0.028666969288556367,0.01180778785491216,0.016296016086664793,569,30,2,
breast_cancer,none,2,rf,0.9525694767893185,0.9479642064271936,0.9600337863446857,0.9664710485133021,0.9628365402018932,0.014613813539202093,0.021776513250862224,0.03543066539349293,0.03040764486474497,0.010787657893829622,569,30,2,
breast_cancer,none,2,svm_rbf,0.9771619313771154,0.9731786715122779,0.9755616438356164,0.9887715179968701,0.9820783918361992,0.018178759343269152,0.022445464647504795,0.024325311367548143,0.011772572862497874,0.014313265050519662,569,30,2,
breast_cancer,pca,2,knn,0.931516845210371,0.9243497808556768,0.9417027558941538,0.9524647887323944,0.9464526108688538,0.023427776762878882,0.03008077352183521,0.041491675474745124,0.04240223712946275,0.01806254373879246,569,30,2,
breast_cancer,pca,2,logreg,0.9473373699736065,0.94173847997546,0.9547447306752799,0.9636541471048513,0.9587148603557623,0.026986574329330597,0.031030449795634036,0.038085493234791386,0.041275059518170315,0.021331560586341457,569,30,2,
breast_cancer,pca,2,mlp,0.9473063188945815,0.94267517248192,0.9568633042430242,0.9608763693270734,0.9584677089100533,0.01853526078424484,0.020937061664089315,0.0309717955790856,0.03729104932304973,0.0150272372355953,569,30,2,
breast_cancer,pca,2,rf,0.9245148268902345,0.9196722323605716,0.9442513942513943,0.9384585289514866,0.9404516643499468,0.03993473889379176,0.04441936796559158,0.050677712819306345,0.060252233067390935,0.032239427187440814,569,30,2,
breast_cancer,pca,2,svm_rbf,0.9332401800962584,0.9237187335901715,0.9362779198635977,0.9608372456964005,0.9480565037328514,0.022803788552639273,0.02784601057520621,0.035388715576418164,0.0372580437773147,0.018058039171364487,569,30,2,
breast_cancer,ccpca,5,knn,0.7715416860735911,0.7223776769141983,0.7673922494332196,0.915962441314554,0.8381731522243079,0.04377111227352002,0.05565304116626795,0.04355762634688762,0.014001805754415874,0.027106216760496824,569,30,2,
breast_cancer,ccpca,5,logreg,0.6274181027790716,0.5,0.6274181027790716,1.0,0.7920933572834363,0.004414757525701765,0.0,0.004414757525701765,0.0,0.0027875003421834756,569,30,2,
breast_cancer,ccpca,5,mlp,0.7750659835429282,0.746032915841301,0.7975164304877829,0.8601721439749609,0.8281322890857066,0.0412738737217399,0.043378261270631845,0.028794742900134566,0.0432120013729304,0.03255576337873961,569,30,2,
breast_cancer,ccpca,5,rf,0.7856233504114268,0.7538009062124684,0.802161297194878,0.8796948356807512,0.8394582682222949,0.0421362756232721,0.0573001471318308,0.05432882696954815,0.026446821946683262,0.026300033776407737,569,30,2,
breast_cancer,ccpca,5,svm_rbf,0.7768514205868653,0.7228758208163711,0.7640340136515053,0.9355633802816901,0.8452387758096215,0.049603388061235876,0.060043454349770646,0.04493260556582039,0.025494081715510698,0.03197539936605905,569,30,2,
breast_cancer,ica,5,knn,0.9437509703462196,0.9303318619728709,0.9319841344972385,0.9832550860719875,0.957087494424043,0.017143123989039548,0.024355325082995295,0.029074056088878343,0.01816965181208371,0.012219179342556218,569,30,2,
breast_cancer,ica,5,logreg,0.9666356155876417,0.9591893739699178,0.9604117113901124,0.9888106416275431,0.9742905266450684,0.0179431179653158,0.02607362054984491,0.03365982491143192,0.015322284333841972,0.01318243994056096,569,30,2,
breast_cancer,ica,5,mlp,0.9701133364384411,0.9685402466478458,0.9779214941630532,0.9748435054773082,0.9762609131141881,0.007898975840344657,0.008377208420084145,0.015446829650649488,0.020628024707237156,0.006267310698029197,569,30,2,
breast_cancer,ica,5,rf,0.9596180717279925,0.9574488923203303,0.9697086629365232,0.9663928012519563,0.9679490058189973,0.03698495052402364,0.041740552711412714,0.03792921682610946,0.02733213352461961,0.029202061723862378,569,30,2,
breast_cancer,ica,5,svm_rbf,0.9631113181183046,0.9591825500808469,0.967403668989826,0.9748435054773082,0.9708994433184822,0.0113839635566482,0.013082258507453223,0.022378161701150593,0.02668578653790335,0.009126984571943546,569,30,2,
breast_cancer,kpca,5,knn,0.9227138643067846,0.9174215837661629,0.9390348441143382,0.9384976525821596,0.9385845509312212,0.026499690153107342,0.029039256883703197,0.028210162596636543,0.030252459678292386,0.021011534512938447,569,30,2,
breast_cancer,kpca,5,logreg,0.9332557056357708,0.9286594892351523,0.9482064955448823,0.9469092331768388,0.9469587593650293,0.03535302053648655,0.0332804783963488,0.03244740285901875,0.05833548496213957,0.029579427134754466,569,30,2,
breast_cancer,kpca,5,mlp,0.9438441235832945,0.9428148997343232,0.9640830326446764,0.9468701095461658,0.9550424853467421,0.027427009176741,0.027007950229943758,0.028916990903547293,0.04452571698042387,0.022196322610253127,569,30,2,
breast_cancer,kpca,5,rf,0.9367644775655954,0.9304843271515397,0.9454174792343807,0.9553208137715181,0.9499024353932931,0.03120110087031212,0.026942643494608568,0.02280725694852646,0.054058891752589384,0.02621669797402239,569,30,2,
breast_cancer,kpca,5,svm_rbf,0.9297779847849712,0.9287080363316852,0.9548269977636415,0.932942097026604,0.9434054434365258,0.034461259853203016,0.030618041244876642,0.02372828584819464,0.05412606191695352,0.02880458686947698,569,30,2,
breast_cancer,none,5,knn,0.9630957925787922,0.9553283525442058,0.9571872146118722,0.9860719874804381,0.9714062078423131,0.01999675024369066,0.025795431810529058,0.028806554117091394,0.013889164404682039,0.015302992163610479,569,30,2,
breast_cancer,none,5,logreg,0.9736686849868033,0.9676103780304566,0.9682543479911901,0.9915884194053209,0.9796775959930779,0.018589799576866343,0.026175888153911208,0.03240364211815605,0.012575980563728799,0.013922024058981797,569,30,2,
breast_cancer,none,5,mlp,0.9718987734823784,0.9680557505238147,0.9728989263235839,0.9831768388106417,0.9779348608098056,0.02092329272406854,0.026207805083591017,0.028666969288556367,0.01180778785491216,0.016296016086664793,569,30,2,
breast_cancer,none,5,rf,0.9525694767893185,0.9479642064271936,0.9600337863446857,0.9664710485133021,0.9628365402018932,0.014613813539202093,0.021776513250862224,0.03543066539349293,0.03040764486474497,0.010787657893829622,569,30,2,
breast_cancer,none,5,svm_rbf,0.9771619313771154,0.9731786715122779,0.9755616438356164,0.9887715179968701,0.9820783918361992,0.018178759343269152,0.022445464647504795,0.024325311367548143,0.011772572862497874,0.014313265050519662,569,30,2,
breast_cancer,pca,5,knn,0.9525539512498058,0.9459996412584031,0.9545571545571544,0.9720657276995304,0.9629881539625431,0.009968950009044212,0.018748348008792912,0.031341669358531214,0.0220235114866308,0.00713981687604394,569,30,2,
breast_cancer,pca,5,logreg,0.9631423691973297,0.9592379210664503,0.9681703143777447,0.9748435054773082,0.9711030292362273,0.01684086337457673,0.020967148369459877,0.03234753895768537,0.03475722298608976,0.013154207792862995,569,30,2,
breast_cancer,pca,5,mlp,0.9666045645086166,0.9637979037012773,0.972917911216397,0.9748826291079812,0.9736051794779581,0.01302207808069904,0.010963675134954814,0.02089526950006118,0.034575640033572524,0.010591316433523998,569,30,2,
breast_cancer,pca,5,rf,0.9490762303990063,0.9441781178024218,0.9575532106782108,0.9637715179968701,0.9600673538695894,0.03242408661946157,0.035073567542886985,0.03982276039603956,0.049624859468773916,0.025903888051418286,569,30,2,
breast_cancer,pca,5,svm_rbf,0.9648812296227295,0.9587176157721524,0.9625709556546198,0.9832159624413146,0.9726486213353865,0.016369378924724853,0.022590637092382546,0.029758219474093565,0.01816217374359919,0.01238260546611016,569,30,2,
breast_cancer,ccpca,10,knn,0.7873466852973141,0.7310430411928939,0.7681185270849175,0.9522300469483568,0.8547257970613851,0.04402406281199237,0.05775021267504753,0.044540530121220376,0.03537617876641542,0.025875789611490674,569,30,2,
breast_cancer,ccpca,10,logreg,0.6274181027790716,0.5,0.6274181027790716,1.0,0.7920933572834363,0.004414757525701765,0.0,0.004414757525701765,0.0,0.0027875003421834756,569,30,2,
breast_cancer,ccpca,10,mlp,0.8576618537494177,0.8433518423200702,0.8785884950864105,0.8992175273865414,0.8885307475273742,0.025760035326146475,0.03450626377439482,0.03684844097043076,0.026778403300416205,0.018481144165673813,569,30,2,
breast_cancer,ccpca,10,rf,0.8313150131967086,0.7976565465142273,0.8244935380620225,0.9300860719874804,0.8755426949586937,0.019691057738487075,0.025870766500547565,0.02344956271561136,0.021653436325080225,0.013134594274197822,569,30,2,
breast_cancer,ccpca,10,svm_rbf,0.8260518553019718,0.7802133862607168,0.8028629379770316,0.9607589984350546,0.8780110495077157,0.06013342295584742,0.0695666574600132,0.052105627529959696,0.04254494715852019,0.04238915538411316,569,30,2,
breast_cancer,ica,10,knn,0.920912901723335,0.901474349975824,0.9041554936291778,0.977699530516432,0.940188937400418,0.019617119727368137,0.02034121623716827,0.011451950814279284,0.021025084260632883,0.01517284827209149,569,30,2,
breast_cancer,ica,10,logreg,0.9754075454122031,0.9689830195644149,0.9678481134342706,0.9944444444444445,0.9809444527441784,0.009581031702880962,0.015176193455856234,0.022062571469003027,0.012422599874998837,0.0071185066147432296,569,30,2,
breast_cancer,ica,10,mlp,0.9666200900481291,0.9610627589828376,0.9650643274853801,0.9832550860719875,0.9739536268241811,0.009567121649945482,0.016436767682921634,0.025560727192263363,0.015197025289862246,0.006927213024662145,569,30,2,
breast_cancer,ica,10,rf,0.9314857941313461,0.9225513286436968,0.9358026287438053,0.9580594679186228,0.9465325086972276,0.016765120688453507,0.02339828928600277,0.03277869953303414,0.02777970634051049,0.012227943064924992,569,30,2,
breast_cancer,ica,10,svm_rbf,0.9578326346840553,0.9540400672770473,0.9641171993911719,0.9692097026604071,0.9665863978154213,0.012969681110532405,0.0168366135402935,0.020990464405725297,0.011669733703109829,0.01036439432401658,569,30,2,
breast_cancer,kpca,10,knn,0.9525694767893184,0.9498180296247771,0.9642642208096579,0.9608763693270734,0.9623477101301962,0.0228331022322129,0.02526879882524764,0.028488539798770373,0.0301391651044679,0.018223803011543697,569,30,2,
breast_cancer,kpca,10,logreg,0.9525850023288308,0.9451574433682197,0.9524753243210344,0.9749217527386541,0.9632326109238079,0.027416010355852415,0.033181417080692964,0.03944561622766266,0.0345913522610764,0.02085944071037095,569,30,2,
breast_cancer,kpca,10,mlp,0.968390001552554,0.9690963611124109,0.9832529423114027,0.9664319248826292,0.9746927132224588,0.01590093059220136,0.016361552235816635,0.01824844891098045,0.02323026314995273,0.01283706367714508,569,30,2,
breast_cancer,kpca,10,rf,0.9455519329296693,0.9365507645355337,0.9438899566206068,0.9721048513302033,0.9576262613601585,0.022639928681805657,0.02550677948499338,0.028699504241026144,0.03255194224458248,0.01769703193453894,569,30,2,
breast_cancer,kpca,10,svm_rbf,0.9631423691973297,0.9611275534343008,0.9725169332524903,0.9692097026604068,0.9707227719716478,0.02181700165739403,0.025168302895664213,0.027208424572997058,0.02296643764045022,0.01724231108970363,569,30,2,
breast_cancer,none,10,knn,0.9630957925787922,0.9553283525442058,0.9571872146118722,0.9860719874804381,0.9714062078423131,0.01999675024369066,0.025795431810529058,0.028806554117091394,0.013889164404682039,0.015302992163610479,569,30,2,
breast_cancer,none,10,logreg,0.9736686849868033,0.9676103780304566,0.9682543479911901,0.9915884194053209,0.9796775959930779,0.018589799576866343,0.026175888153911208,0.03240364211815605,0.012575980563728799,0.013922024058981797,569,30,2,
breast_cancer,none,10,mlp,0.9718987734823784,0.9680557505238147,0.9728989263235839,0.9831768388106417,0.9779348608098056,0.02092329272406854,0.026207805083591017,0.028666969288556367,0.01180778785491216,0.016296016086664793,569,30,2,
breast_cancer,none,10,rf,0.9525694767893185,0.9479642064271936,0.9600337863446857,0.9664710485133021,0.9628365402018932,0.014613813539202093,0.021776513250862224,0.03543066539349293,0.03040764486474497,0.010787657893829622,569,30,2,
breast_cancer,none,10,svm_rbf,0.9771619313771154,0.9731786715122779,0.9755616438356164,0.9887715179968701,0.9820783918361992,0.018178759343269152,0.022445464647504795,0.024325311367548143,0.011772572862497874,0.014313265050519662,569,30,2,
breast_cancer,pca,10,knn,0.9631113181183046,0.9563204160362695,0.959845108266161,0.9832942097026605,0.9713269909185651,0.01565294718350632,0.021550002337946246,0.02795426178107279,0.01810160380126976,0.011822241413063064,569,30,2,
breast_cancer,pca,10,logreg,0.9771774569166279,0.9741902968196777,0.9782569712569714,0.9860328638497652,0.9820080432058651,0.007811136390893517,0.009981979603384011,0.01786562201505525,0.01971167169729836,0.006176678224252282,569,30,2,
breast_cancer,pca,10,mlp,0.971914299021891,0.968976195675344,0.9757277325734428,0.9804773082942096,0.9779241840880356,0.016850968861133474,0.020742082967483606,0.025150212500367797,0.023276258746579164,0.012872571557309373,569,30,2,
breast_cancer,pca,10,rf,0.9490451793199813,0.9441585559870852,0.9564999620262779,0.9637323943661972,0.9597502255253936,0.028670516150384236,0.028194491658351802,0.02750989240439251,0.044569096751844915,0.023233753821088443,569,30,2,
breast_cancer,pca,10,svm_rbf,0.9736531594472908,0.9694446394127036,0.9727045009784735,0.9859546165884193,0.9792414410543859,0.016390165072283056,0.019719903898923048,0.021400406836560967,0.014084778731512742,0.012966404196065045,569,30,2,
synthetic,ccpca,2,knn,0.545,0.5449557113927848,0.5446284043823969,0.5375979899497487,0.5410324563410868,0.01723006094011277,0.017217638883513103,0.018271543108271532,0.009806217541805313,0.011019326749866191,2000,20,2,syn_E1_f20_inf40
synthetic,ccpca,2,logreg,0.5015,0.5,0.0,0.0,0.0,0.001369306393762886,0.0,0.0,0.0,0.0,2000,20,2,syn_E1_f20_inf40
synthetic,ccpca,2,mlp,0.5655,0.5656108402710068,0.5577561967942815,0.6227788944723618,0.5886974505716782,0.026244046944021396,0.02608460167123436,0.023706347872290253,0.06829679003439176,0.036937120387906516,2000,20,2,syn_E1_f20_inf40
synthetic,ccpca,2,rf,0.5425000000000001,0.5424980749518739,0.5404250984001514,0.5456130653266332,0.5429728418547154,0.017139136501002617,0.017197239606860995,0.016891823692081392,0.030478430883536262,0.023491657820743743,2000,20,2,syn_E1_f20_inf40
synthetic,ccpca,2,svm_rbf,0.5695,0.5698483837095928,0.5540364313923913,0.7020251256281407,0.6234203165425269,0.02965425770441744,0.029403813708880906,0.023795655915331452,0.04793500893595262,0.029548176810170877,2000,20,2,syn_E1_f20_inf40
synthetic,ica,2,knn,0.6065,0.6065565389134728,0.6019586821156726,0.6288643216080402,0.6151097286885611,0.034892692644735795,0.034769914850127835,0.03925660440627034,0.01757999102509193,0.02650443185024559,2000,20,2,syn_E1_f20_inf40
synthetic,ica,2,logreg,0.6545,0.6544771119277982,0.6512502748334137,0.6598994974874371,0.6554555862508572,0.0261247009552263,0.026121872380906498,0.024435256663512078,0.040676246370113266,0.030644307662845104,2000,20,2,syn_E1_f20_inf40
synthetic,ica,2,mlp,0.6535,0.6535771144278607,0.6415949688317203,0.692,0.665985743508011,0.022472205054244233,0.02234939891048577,0.020929798190446436,0.048199487300131696,0.027324999998485887,2000,20,2,syn_E1_f20_inf40
synthetic,ica,2,rf,0.614,0.6140342008550214,0.6111949986379075,0.6238743718592964,0.6172672385602227,0.019890324280916086,0.019786845768238855,0.024031752308331926,0.028043298760822608,0.017762586804030804,2000,20,2,syn_E1_f20_inf40
synthetic,ica,2,svm_rbf,0.6565000000000001,0.656667116677917,0.6369914704983568,0.7230904522613066,0.6785226124588606,0.029506355247641156,0.029354645687526035,0.025838776354047424,0.043357451077354094,0.030808610762902085,2000,20,2,syn_E1_f20_inf40
synthetic,kpca,2,knn,0.6515,0.651467236680917,0.6505338220760883,0.6499145728643216,0.6501629105362038,0.024277046772620436,0.0243057706154021,0.02411468111240543,0.0325002384352177,0.0269175172016698,2000,20,2,syn_E1_f20_inf40
synthetic,kpca,2,logreg,0.675,0.6749700492512313,0.6762438482786012,0.6689798994974874,0.6725360094625371,0.023184046238739223,0.02314148992501005,0.02745739346933668,0.019664087737723945,0.021377087092691958,2000,20,2,syn_E1_f20_inf40
synthetic,kpca,2,mlp,0.6715,0.6714098727468187,0.6724032917567853,0.6698844221105528,0.6695952564737053,0.02349201992166701,0.023536938017266883,0.025397455433972246,0.08896911413585867,0.0417618980804806,2000,20,2,syn_E1_f20_inf40
synthetic,kpca,2,rf,0.64,0.6399769869246731,0.6397033971600924,0.6368743718592965,0.6379254289322704,0.015103807466993238,0.015156402995143769,0.014706547900331064,0.04548471789103713,0.024615546154282783,2000,20,2,syn_E1_f20_inf40
synthetic,kpca,2,svm_rbf,0.6835,0.6835875146878673,0.6701747358881216,0.7210904522613066,0.6949300235011339,0.02701851217221256,0.026877697370995025,0.02961169689512912,0.03623956021536289,0.0259600424897922,2000,20,2,syn_E1_f20_inf40
synthetic,none,2,knn,0.925,0.9250013625340634,0.9159619911765622,0.9357738693467337,0.9257154720797335,0.006123724356957962,0.006135567712190335,0.013981399899877015,0.01869873824754492,0.006470218822826593,2000,20,2,syn_E1_f20_inf40
synthetic,none,2,logreg,0.7125,0.71244796119903,0.7136032109682704,0.7060402010050252,0.7096502432200051,0.02263846284534356,0.02271069697184848,0.016447480501899897,0.04499598266622916,0.029456126701351084,2000,20,2,syn_E1_f20_inf40
synthetic,none,2,mlp,0.9460000000000001,0.9460217630440759,0.9379900232490967,0.9548743718592965,0.9463880440872472,0.012942179105544772,0.012950005119156872,0.01389018186257402,0.012718495181975984,0.01272771663847687,2000,20,2,syn_E1_f20_inf40
synthetic,none,2,rf,0.9065000000000001,0.9064935248381211,0.902810663534596,0.9106984924623115,0.9066623176358348,0.008023403267940609,0.00802014807532373,0.012160402349995391,0.01974534219558497,0.008855330687838303,2000,20,2,syn_E1_f20_inf40
synthetic,none,2,svm_rbf,0.923,0.923026338158454,0.9090317739919918,0.9397939698492463,0.9242245775716839,0.0020916500663351973,0.0020839476200038886,0.00928950360703001,0.01472649482247281,0.003039380098742167,2000,20,2,syn_E1_f20_inf40
synthetic,pca,2,knn,0.604,0.6040515387884696,0.5997525421523923,0.622859296482412,0.611132946606588,0.03963111151608042,0.039563038567475,0.04202322631409772,0.027519688850207998,0.034302106108933694,2000,20,2,syn_E1_f20_inf40
synthetic,pca,2,logreg,0.6545,0.6544771119277982,0.6512502748334137,0.6598994974874371,0.6554555862508572,0.0261247009552263,0.026121872380906498,0.024435256663512078,0.040676246370113266,0.030644307662845104,2000,20,2,syn_E1_f20_inf40
synthetic,pca,2,mlp,0.653,0.6530546763669092,0.6415556442489703,0.6889899497487437,0.6646595351727467,0.017888543819998336,0.01782154135536006,0.016473375862441728,0.038436439938600665,0.02266904026021304,2000,20,2,syn_E1_f20_inf40
synthetic,pca,2,rf,0.6170000000000001,0.6170342508562714,0.6122330557720648,0.6348844221105527,0.623319439315257,0.013509256086106284,0.013400632514653031,0.018557069761783333,0.013177722484923165,0.006932158428639435,2000,20,2,syn_E1_f20_inf40
synthetic,pca,2,svm_rbf,0.6555000000000001,0.655669604240106,0.6359146877573378,0.7230904522613066,0.6779430192480314,0.030072828267391147,0.029917333605513182,0.026466150262453313,0.043357451077354094,0.030966398245930043,2000,20,2,syn_E1_f20_inf40
synthetic,ccpca,5,knn,0.8125,0.8125445386134654,0.7946611852751766,0.8414522613065326,0.8175595396812266,0.01677050983124839,0.016739369713430548,0.014526349641385414,0.035943887960825274,0.019691207924978617,2000,20,2,syn_E1_f20_inf40
synthetic,ccpca,5,logreg,0.5015,0.5,0.0,0.0,0.0,0.001369306393762886,0.0,0.0,0.0,0.0,2000,20,2,syn_E1_f20_inf40
synthetic,ccpca,5,mlp,0.8605,0.860515312882822,0.8441772974758941,0.8835778894472363,0.8634453462909522,0.01396424004376893,0.013959889061339064,0.012622951662282694,0.03717677209664216,0.016995923305765232,2000,20,2,syn_E1_f20_inf40
synthetic,ccpca,5,rf,0.8105,0.8104470236755918,0.8051625084761177,0.8193517587939698,0.8116763421821643,0.012424773639789166,0.012463033159114862,0.017731817061507234,0.05241869781682003,0.01969109761435791,2000,20,2,syn_E1_f20_inf40
synthetic,ccpca,5,svm_rbf,0.813,0.8130746893672341,0.788852894515046,0.8555125628140703,0.8211576812180044,0.010810874155219807,0.01071325667823425,0.025908351474422237,0.03188710285684189,0.010232526847641083,2000,20,2,syn_E1_f20_inf40
synthetic,ica,5,knn,0.8515,0.8515577014425361,0.8301061521940062,0.8835979899497488,0.8562912354204293,0.018251712248443963,0.01822589703898598,0.023067419626006676,0.02618398114620718,0.017427819707747667,2000,20,2,syn_E1_f20_inf40
synthetic,ica,5,logreg,0.7020000000000001,0.7019878121953049,0.6956966961711365,0.7140502512562814,0.7046183086909372,0.021894634045811292,0.021911358910703106,0.015729017321333024,0.04650816344947132,0.02898932762998834,2000,20,2,syn_E1_f20_inf40
synthetic,ica,5,mlp,0.8925000000000001,0.892500887522188,0.8811359592965617,0.9076783919597989,0.8941156006321898,0.006373774391990987,0.006320062951412865,0.021480295655850926,0.02196415817501925,0.006004699716262857,2000,20,2,syn_E1_f20_inf40
synthetic,ica,5,rf,0.8505,0.8504976999424987,0.8416258062398125,0.862537688442211,0.8518506036661506,0.016900443781155565,0.01694589467278945,0.01297530883722497,0.03652263069612913,0.01971987131569213,2000,20,2,syn_E1_f20_inf40
synthetic,ica,5,svm_rbf,0.8480000000000001,0.8480727268181705,0.8244103805086812,0.8836180904522614,0.8534067026205253,0.007582875444051558,0.00760796786028943,0.011823670405502076,0.020423295392072577,0.008333073965669749,2000,20,2,syn_E1_f20_inf40
synthetic,kpca,5,knn,0.8089999999999999,0.8090795144878621,0.7852980331645174,0.8484824120603015,0.8161229223817319,0.021837467801922437,0.021864610234547607,0.011301827980702095,0.044506653587755435,0.02609088146913127,2000,20,2,syn_E1_f20_inf40
synthetic,kpca,5,logreg,0.6990000000000001,0.6989605240131003,0.7014918220807609,0.6900653266331658,0.6957379578851773,0.012449899597988744,0.012415358081202312,0.015196676723194144,0.008422738670044984,0.010901000463788384,2000,20,2,syn_E1_f20_inf40
synthetic,kpca,5,mlp,0.8539999999999999,0.8540178504462611,0.8365520259498822,0.8795879396984926,0.8574679217645294,0.031154855159348755,0.031215364934057688,0.029851179912543463,0.05325167085147212,0.033447633567628504,2000,20,2,syn_E1_f20_inf40
synthetic,kpca,5,rf,0.818,0.8180570764269106,0.7999599470250971,0.8464723618090453,0.8227732876527215,0.030943496893531583,0.030922215028846976,0.02756887698051043,0.04310969727147727,0.03231544314991627,2000,20,2,syn_E1_f20_inf40
synthetic,kpca,5,svm_rbf,0.8049999999999999,0.805104565114128,0.7779143108449567,0.8535175879396985,0.8144547873180912,0.017765838004439847,0.017866602750515125,0.019709068025617123,0.04665114018524975,0.021363944075857226,2000,20,2,syn_E1_f20_inf40
synthetic,none,5,knn,0.925,0.9250013625340634,0.9159619911765622,0.9357738693467337,0.9257154720797335,0.006123724356957962,0.006135567712190335,0.013981399899877015,0.01869873824754492,0.006470218822826593,2000,20,2,syn_E1_f20_inf40
synthetic,none,5,logreg,0.7125,0.71244796119903,0.7136032109682704,0.7060402010050252,0.7096502432200051,0.02263846284534356,0.02271069697184848,0.016447480501899897,0.04499598266622916,0.029456126701351084,2000,20,2,syn_E1_f20_inf40
synthetic,none,5,mlp,0.9460000000000001,0.9460217630440759,0.9379900232490967,0.9548743718592965,0.9463880440872472,0.012942179105544772,0.012950005119156872,0.01389018186257402,0.012718495181975984,0.01272771663847687,2000,20,2,syn_E1_f20_inf40
synthetic,none,5,rf,0.9065000000000001,0.9064935248381211,0.902810663534596,0.9106984924623115,0.9066623176358348,0.008023403267940609,0.00802014807532373,0.012160402349995391,0.01974534219558497,0.008855330687838303,2000,20,2,syn_E1_f20_inf40
synthetic,none,5,svm_rbf,0.923,0.923026338158454,0.9090317739919918,0.9397939698492463,0.9242245775716839,0.0020916500663351973,0.0020839476200038886,0.00928950360703001,0.01472649482247281,0.003039380098742167,2000,20,2,syn_E1_f20_inf40
synthetic,pca,5,knn,0.8550000000000001,0.8550727268181705,0.8318861208840638,0.8886180904522613,0.8597314323504573,0.010752906583803267,0.010705435064506608,0.0032340209934170446,0.024153205039998335,0.012835673881746083,2000,20,2,syn_E1_f20_inf40
synthetic,pca,5,logreg,0.7020000000000001,0.7019878121953049,0.6956966961711365,0.7140502512562814,0.7046183086909372,0.021894634045811292,0.021911358910703106,0.015729017321333024,0.04650816344947132,0.02898932762998834,2000,20,2,syn_E1_f20_inf40
synthetic,pca,5,mlp,0.8965,0.8964985249631241,0.8850561031114564,0.9117035175879398,0.8980801823816545,0.017730623226497166,0.01776128277873781,0.02618869289249611,0.02821020894087216,0.017150315550614748,2000,20,2,syn_E1_f20_inf40
synthetic,pca,5,rf,0.8455,0.8454926748168704,0.834563276172625,0.8615276381909547,0.8477436424356224,0.011645814698852097,0.011648981143792314,0.01796074837396265,0.029030591547100935,0.01264368836322462,2000,20,2,syn_E1_f20_inf40
synthetic,pca,5,svm_rbf,0.8469999999999999,0.8470551638790971,0.82471778842851,0.8805879396984926,0.8520389590401466,0.009905806378079463,0.0099122225568197,0.011237896030821096,0.0298060678684008,0.0124058094854277,2000,20,2,syn_E1_f20_inf40
synthetic,ccpca,10,knn,0.905,0.904955961399035,0.9012370072212252,0.9096482412060303,0.9051793980249283,0.01723006094011278,0.01724528941448867,0.019624562552831768,0.0388922486476883,0.01903801912733168,2000,20,2,syn_E1_f20_inf40
synthetic,ccpca,10,logreg,0.5015,0.5,0.0,0.0,0.0,0.001369306393762886,0.0,0.0,0.0,0.0,2000,20,2,syn_E1_f20_inf40
synthetic,ccpca,10,mlp,0.9455,0.9454891747293683,0.940694739249226,0.9508241206030151,0.9456841059009331,0.012170661444638067,0.012167556534605491,0.015437989721570509,0.018971749380691634,0.012294344551171189,2000,20,2,syn_E1_f20_inf40
synthetic,ccpca,10,rf,0.908,0.9079810870271757,0.9070327297672159,0.9086984924623115,0.9078281125885704,0.00925337776166089,0.009248457037521944,0.011912702742536708,0.014572695372439501,0.009598497695348379,2000,20,2,syn_E1_f20_inf40
synthetic,ccpca,10,svm_rbf,0.9189999999999999,0.9190388509712744,0.8993184625545506,0.9438090452261306,0.9212017369668246,0.013761358944522867,0.013769329134694318,0.02293286284194914,0.014029571196507723,0.012473322449778333,2000,20,2,syn_E1_f20_inf40
synthetic,ica,10,knn,0.9199999999999999,0.9200062126553163,0.916413489258424,0.923748743718593,0.9200640426324929,0.009185586535436933,0.009182389748375123,0.008841273150719732,0.01214301618626717,0.009504144488223218,2000,20,2,syn_E1_f20_inf40
synthetic,ica,10,logreg,0.71,0.7099579364484112,0.7099626347712501,0.7060452261306532,0.7078093952242113,0.02284458360312132,0.0229280580695091,0.015554443101295647,0.04769557560851911,0.030485711630920693,2000,20,2,syn_E1_f20_inf40
synthetic,ica,10,mlp,0.9440000000000002,0.943976711917798,0.9440990932166917,0.943819095477387,0.9438894250549014,0.012067518386147152,0.012086585227757685,0.016178052752867027,0.018973268353058514,0.012169076809333733,2000,20,2,syn_E1_f20_inf40
synthetic,ica,10,rf,0.9100000000000001,0.9099811120278007,0.9067870544747947,0.9137035175879398,0.9101559812635271,0.015811388300841916,0.015797734763088336,0.02062928554694412,0.021869341537650844,0.016135360914440587,2000,20,2,syn_E1_f20_inf40
synthetic,ica,10,svm_rbf,0.9289999999999999,0.9289913622840571,0.9255705364197351,0.9327638190954775,0.9291011216528418,0.008403868156985794,0.008402698365715973,0.012790190294449534,0.016256698867675765,0.008719391378348275,2000,20,2,syn_E1_f20_inf40
synthetic,kpca,10,knn,0.9105000000000001,0.9105035750893773,0.9049907662051018,0.916718592964824,0.9108127807709241,0.01362442659343872,0.013610235799613827,0.013875250984409455,0.017407106983964117,0.013918513349740624,2000,20,2,syn_E1_f20_inf40
synthetic,kpca,10,logreg,0.748,0.7479660991524788,0.7415644093386644,0.7591859296482412,0.7500456502673095,0.01545153714036243,0.015488751406904852,0.009882186628698717,0.04473390923887633,0.022456609747951876,2000,20,2,syn_E1_f20_inf40
synthetic,kpca,10,mlp,0.9390000000000001,0.9390167129178228,0.9273267135565477,0.9528592964824121,0.9399369494438622,0.013986600730699352,0.014007195047765774,0.02279163426935721,0.011003395854705273,0.012840904728021364,2000,20,2,syn_E1_f20_inf40
synthetic,kpca,10,rf,0.8865000000000001,0.8864582239555989,0.8868477294747861,0.8856030150753769,0.8860941834711692,0.009778803607803959,0.009810080826784683,0.012410217148888963,0.026190885355311277,0.011405878371698212,2000,20,2,syn_E1_f20_inf40
synthetic,kpca,10,svm_rbf,0.917,0.9170011625290633,0.9071088902277735,0.9287336683417085,0.9177503610378711,0.011645814698852144,0.011642919354835685,0.0095380903015108,0.02747311138542058,0.012881632045587064,2000,20,2,syn_E1_f20_inf40
synthetic,none,10,knn,0.925,0.9250013625340634,0.9159619911765622,0.9357738693467337,0.9257154720797335,0.006123724356957962,0.006135567712190335,0.013981399899877015,0.01869873824754492,0.006470218822826593,2000,20,2,syn_E1_f20_inf40
synthetic,none,10,logreg,0.7125,0.71244796119903,0.7136032109682704,0.7060402010050252,0.7096502432200051,0.02263846284534356,0.02271069697184848,0.016447480501899897,0.04499598266622916,0.029456126701351084,2000,20,2,syn_E1_f20_inf40
synthetic,none,10,mlp,0.9460000000000001,0.9460217630440759,0.9379900232490967,0.9548743718592965,0.9463880440872472,0.012942179105544772,0.012950005119156872,0.01389018186257402,0.012718495181975984,0.01272771663847687,2000,20,2,syn_E1_f20_inf40
synthetic,none,10,rf,0.9065000000000001,0.9064935248381211,0.902810663534596,0.9106984924623115,0.9066623176358348,0.008023403267940609,0.00802014807532373,0.012160402349995391,0.01974534219558497,0.008855330687838303,2000,20,2,syn_E1_f20_inf40
synthetic,none,10,svm_rbf,0.923,0.923026338158454,0.9090317739919918,0.9397939698492463,0.9242245775716839,0.0020916500663351973,0.0020839476200038886,0.00928950360703001,0.01472649482247281,0.003039380098742167,2000,20,2,syn_E1_f20_inf40
synthetic,pca,10,knn,0.925,0.9250013625340634,0.9159619911765622,0.9357738693467337,0.9257154720797335,0.006123724356957962,0.006135567712190335,0.013981399899877015,0.01869873824754492,0.006470218822826593,2000,20,2,syn_E1_f20_inf40
synthetic,pca,10,logreg,0.7125,0.71244796119903,0.7136032109682704,0.7060402010050252,0.7096502432200051,0.02263846284534356,0.02271069697184848,0.016447480501899897,0.04499598266622916,0.029456126701351084,2000,20,2,syn_E1_f20_inf40
synthetic,pca,10,mlp,0.9540000000000001,0.9540043501087527,0.9486489931070914,0.9598743718592964,0.9541770696835993,0.012196310917650496,0.012236652025794591,0.013637541597938743,0.021032372018160127,0.01238648831742839,2000,20,2,syn_E1_f20_inf40
synthetic,pca,10,rf,0.914,0.9139835995899898,0.9113050448242126,0.9167035175879397,0.9139337178533754,0.012449899597988744,0.012467151361706414,0.008965357872488604,0.024397537371674997,0.013553180464303337,2000,20,2,syn_E1_f20_inf40
synthetic,pca,10,svm_rbf,0.923,0.923026338158454,0.9090317739919918,0.9397939698492463,0.9242245775716839,0.0020916500663351973,0.0020839476200038886,0.00928950360703001,0.01472649482247281,0.003039380098742167,2000,20,2,syn_E1_f20_inf40
